checkpoint_step,batch_size,epsilon,mean_delta_loss,stderr_delta_loss,mean_loss_change,stderr_loss_change,n
100,4,0.0001,9.451296329497371e-05,6.414010328841781e-05,-9.451296329497371e-05,6.414010328841781e-05,10
100,4,0.0003,0.0002799025058746185,0.00019140660564841874,-0.0002799025058746185,0.00019140660564841874,10
100,4,0.001,0.0008905490159988316,0.000626101060246334,-0.0008905490159988316,0.000626101060246334,10
100,4,0.002,0.00166110408306121,0.0012192531409179854,-0.00166110408306121,0.0012192531409179854,10
100,4,0.003,0.002312376976013164,0.0017808573376304209,-0.002312376976013164,0.0017808573376304209,10
100,4,0.005,0.0032600112438201877,0.0028147675332856675,-0.0032600112438201877,0.0028147675332856675,10
100,4,0.007,0.003735077786445612,0.0037362930970499114,-0.003735077786445612,0.0037362930970499114,10
100,4,0.01,0.0035647321939468236,0.0049365123154461845,-0.0035647321939468236,0.0049365123154461845,10
100,4,0.015,0.0009239795446395749,0.006587549782200577,-0.0009239795446395749,0.006587549782200577,10
100,4,0.02,-0.004734329175949109,0.008074224911059217,0.004734329175949109,0.008074224911059217,10
100,4,0.03,-0.025933626914024354,0.012366425724494562,0.025933626914024354,0.012366425724494562,10
100,4,0.04,-0.062146997451782225,0.021984369488741752,0.062146997451782225,0.021984369488741752,10
100,4,0.05,-0.1146884672641754,0.03912623291803325,0.1146884672641754,0.03912623291803325,10
100,4,0.06,-0.18281172413825986,0.06303930607202217,0.18281172413825986,0.06303930607202217,10
100,4,0.07,-0.2654150213241578,0.0924776450267698,0.2654150213241578,0.0924776450267698,10
100,4,0.08,-0.3616746660232545,0.12672293781374097,0.3616746660232545,0.12672293781374097,10
100,4,0.09,-0.4707009858369828,0.1652756272587945,0.4707009858369828,0.1652756272587945,10
100,4,0.1,-0.5915486002445223,0.20768979260812526,0.5915486002445223,0.20768979260812526,10
100,4,0.12,-0.8653849289655685,0.30265860131670524,0.8653849289655685,0.30265860131670524,10
100,4,0.15,-1.3470638543128968,0.4666985986022907,1.3470638543128968,0.4666985986022907,10
100,4,0.18,-1.9030628439903257,0.6522017748888332,1.9030628439903257,0.6522017748888332,10
100,4,0.2,-2.3106193228960037,0.7859943008148784,2.3106193228960037,0.7859943008148784,10
100,4,0.22,-2.7453659317970276,0.9270096114554415,2.7453659317970276,0.9270096114554415,10
100,4,0.25,-3.4451088643789296,1.1509180332851632,3.4451088643789296,1.1509180332851632,10
100,4,0.28,-4.19866079223156,1.388547444568959,4.19866079223156,1.388547444568959,10
100,4,0.3,-4.729432913899421,1.554193970344305,4.729432913899421,1.554193970344305,10
100,4,0.35,-6.151377454566956,1.9925707035897513,6.151377454566956,1.9925707035897513,10
100,4,0.4,-7.704843922019005,2.465614070939712,7.704843922019005,2.465614070939712,10
100,4,0.5,-11.1922741065979,3.5187166231154854,11.1922741065979,3.5187166231154854,10
100,4,0.7,-19.639295203638078,6.076330154498275,19.639295203638078,6.076330154498275,10
100,4,1.0,-35.88534303503037,11.096291564621266,35.88534303503037,11.096291564621266,10
100,8,0.0001,0.00010293321609495255,3.443287857183242e-05,-0.00010293321609495255,3.443287857183242e-05,10
100,8,0.0003,0.00030696477890013727,0.00010246115662711938,-0.00030696477890013727,0.00010246115662711938,10
100,8,0.001,0.0010022365093231122,0.0003319314478218059,-0.0010022365093231122,0.0003319314478218059,10
100,8,0.002,0.0019456177711486666,0.0006371607752037419,-0.0019456177711486666,0.0006371607752037419,10
100,8,0.003,0.002830340552330002,0.0009158296915963805,-0.002830340552330002,0.0009158296915963805,10
100,8,0.005,0.004423322701454152,0.0013945316026594981,-0.004423322701454152,0.0013945316026594981,10
100,8,0.007,0.0057778700351715,0.0017681897061690203,-0.0057778700351715,0.0017681897061690203,10
100,8,0.01,0.0073588207721710045,0.002140300396567999,-0.0073588207721710045,0.002140300396567999,10
100,8,0.015,0.008764421796798694,0.002337912393839396,-0.008764421796798694,0.002337912393839396,10
100,8,0.02,0.008542697477340683,0.0024321341475647667,-0.008542697477340683,0.0024321341475647667,10
100,8,0.03,0.0023073722124099584,0.006745468229435868,-0.0023073722124099584,0.006745468229435868,10
100,8,0.04,-0.013579897713661204,0.018914438925674383,0.013579897713661204,0.018914438925674383,10
100,8,0.05,-0.04104867146015169,0.039695507043171124,0.04104867146015169,0.039695507043171124,10
100,8,0.06,-0.08035546002388003,0.06888129071885205,0.08035546002388003,0.06888129071885205,10
100,8,0.07,-0.1306501198291779,0.1052048135956127,0.1306501198291779,0.1052048135956127,10
100,8,0.08,-0.1913472962141037,0.1476083386676912,0.1913472962141037,0.1476083386676912,10
100,8,0.09,-0.26218890779018394,0.19534463193151233,0.26218890779018394,0.19534463193151233,10
100,8,0.1,-0.3430512911558151,0.24779865117520444,0.3430512911558151,0.24779865117520444,10
100,8,0.12,-0.5346575972080231,0.36522081424764397,0.5346575972080231,0.36522081424764397,10
100,8,0.15,-0.8919234649181368,0.5664877171780974,0.8919234649181368,0.5664877171780974,10
100,8,0.18,-1.3213986858844757,0.7901526716988255,1.3213986858844757,0.7901526716988255,10
100,8,0.2,-1.6413909240245819,0.9488248572768389,1.6413909240245819,0.9488248572768389,10
100,8,0.22,-1.9849127178668975,1.1141423611894474,1.9849127178668975,1.1141423611894474,10
100,8,0.25,-2.5405937314510343,1.3740308169193414,2.5405937314510343,1.3740308169193414,10
100,8,0.28,-3.1419864953041072,1.648389439215768,3.1419864953041072,1.648389439215768,10
100,8,0.3,-3.567374251222611,1.8396500751618938,3.567374251222611,1.8396500751618938,10
100,8,0.35,-4.7139976137638095,2.3483866629940713,4.7139976137638095,2.3483866629940713,10
100,8,0.4,-5.974034259223938,2.9012444601048215,5.974034259223938,2.9012444601048215,10
100,8,0.5,-8.812413372707367,4.140421193134195,8.812413372707367,4.140421193134195,10
100,8,0.7,-15.65202330574989,7.168404551270397,15.65202330574989,7.168404551270397,10
100,8,1.0,-28.60472225165367,13.135851726094952,28.60472225165367,13.135851726094952,10
100,16,0.0001,0.00013962595462798099,2.6433593639207076e-05,-0.00013962595462798099,2.6433593639207076e-05,10
100,16,0.0003,0.0004176824569702087,7.898573809052424e-05,-0.0004176824569702087,7.898573809052424e-05,10
100,16,0.001,0.0013785999059677035,0.00025979198094098203,-0.0013785999059677035,0.00025979198094098203,10
100,16,0.002,0.0027184336900710924,0.0005096110379320265,-0.0027184336900710924,0.0005096110379320265,10
100,16,0.003,0.004019183039665214,0.0007494313709052034,-0.004019183039665214,0.0007494313709052034,10
100,16,0.005,0.006504038214683522,0.0011995544129856386,-0.006504038214683522,0.0011995544129856386,10
100,16,0.007,0.008834686541557302,0.0016110729363498222,-0.008834686541557302,0.0016110729363498222,10
100,16,0.01,0.012041956496238699,0.002156479467674658,-0.012041956496238699,0.002156479467674658,10
100,16,0.015,0.016621454906463617,0.0028808107336281397,-0.016621454906463617,0.0028808107336281397,10
100,16,0.02,0.020247885608673084,0.0033864862382814494,-0.020247885608673084,0.0033864862382814494,10
100,16,0.03,0.02462991287708282,0.0038240789053604497,-0.02462991287708282,0.0038240789053604497,10
100,16,0.04,0.02510016491413115,0.0038177493841483976,-0.02510016491413115,0.0038177493841483976,10
100,16,0.05,0.021462342405319197,0.004390705812741179,-0.021462342405319197,0.004390705812741179,10
100,16,0.06,0.013429663705825795,0.00690999658821767,-0.013429663705825795,0.00690999658821767,10
100,16,0.07,0.0006417622566223024,0.011628707302496981,-0.0006417622566223024,0.011628707302496981,10
100,16,0.08,-0.0173312752723694,0.018439610478725478,0.0173312752723694,0.018439610478725478,10
100,16,0.09,-0.040967666029930135,0.02741936470250984,0.040967666029930135,0.02741936470250984,10
100,16,0.1,-0.07074495329856874,0.03872356828717357,0.07074495329856874,0.03872356828717357,10
100,16,0.12,-0.15013739123344422,0.06860369551389336,0.15013739123344422,0.06860369551389336,10
100,16,0.15,-0.32164022552967075,0.13093040950702264,0.32164022552967075,0.13093040950702264,10
100,16,0.18,-0.5560093086004257,0.21112683259511475,0.5560093086004257,0.21112683259511475,10
100,16,0.2,-0.7448385689973831,0.27250878481319407,0.7448385689973831,0.27250878481319407,10
100,16,0.22,-0.9571810762882234,0.3389358954775633,0.9571810762882234,0.3389358954775633,10
100,16,0.25,-1.3147435906410219,0.4459858156062801,1.3147435906410219,0.4459858156062801,10
100,16,0.28,-1.713633333158493,0.5602448696200331,1.713633333158493,0.5602448696200331,10
100,16,0.3,-2.0001697400569918,0.6399251907339657,2.0001697400569918,0.6399251907339657,10
100,16,0.35,-2.7812062632560726,0.8509674182261378,2.7812062632560726,0.8509674182261378,10
100,16,0.4,-3.6439908289432523,1.0786314485885815,3.6439908289432523,1.0786314485885815,10
100,16,0.5,-5.568468311643601,1.5809030292068045,5.568468311643601,1.5809030292068045,10
100,16,0.7,-10.054624450922011,2.7666937793212254,10.054624450922011,2.7666937793212254,10
100,16,1.0,-18.26090558781624,5.022114590091961,18.26090558781624,5.022114590091961,10
100,32,0.0001,9.836759567259379e-05,1.2464623706324538e-05,-9.836759567259379e-05,1.2464623706324538e-05,10
100,32,0.0003,0.00029446418285368204,3.730471798131942e-05,-0.00029446418285368204,3.730471798131942e-05,10
100,32,0.001,0.0009747339010238443,0.0001233776509368269,-0.0009747339010238443,0.0001233776509368269,10
100,32,0.002,0.001930353879928587,0.00024403705049561592,-0.001930353879928587,0.00024403705049561592,10
100,32,0.003,0.002866873264312736,0.0003620361734438937,-0.002866873264312736,0.0003620361734438937,10
100,32,0.005,0.004683035016059861,0.0005900525087637607,-0.004683035016059861,0.0005900525087637607,10
100,32,0.007,0.006423676514625542,0.0008077725681209463,-0.006423676514625542,0.0008077725681209463,10
100,32,0.01,0.008894567728042596,0.0011160959962946602,-0.008894567728042596,0.0011160959962946602,10
100,32,0.015,0.012639689397811887,0.0015840320341001222,-0.012639689397811887,0.0015840320341001222,10
100,32,0.02,0.01592116928100586,0.0020007954824262076,-0.01592116928100586,0.0020007954824262076,10
100,32,0.03,0.02109905881881713,0.0027146268017790307,-0.02109905881881713,0.0027146268017790307,10
100,32,0.04,0.02443612294197081,0.0033404229729874267,-0.02443612294197081,0.0033404229729874267,10
100,32,0.05,0.025909331512451162,0.003993759856925122,-0.025909331512451162,0.003993759856925122,10
100,32,0.06,0.025469854569435107,0.004821490488242638,-0.025469854569435107,0.004821490488242638,10
100,32,0.07,0.023047245144844047,0.005984208364429318,-0.023047245144844047,0.005984208364429318,10
100,32,0.08,0.018547885298728934,0.007618224370751276,-0.018547885298728934,0.007618224370751276,10
100,32,0.09,0.01186279418468474,0.009820392064634902,-0.01186279418468474,0.009820392064634902,10
100,32,0.1,0.0028697006225585795,0.012659150619127802,-0.0028697006225585795,0.012659150619127802,10
100,32,0.12,-0.02261018874645234,0.020476391362609397,0.02261018874645234,0.020476391362609397,10
100,32,0.15,-0.0814116997241974,0.038196533048945124,0.0814116997241974,0.038196533048945124,10
100,32,0.18,-0.16643964087963106,0.06329303157016217,0.16643964087963106,0.06329303157016217,10
100,32,0.2,-0.2376616479635239,0.08375097485344977,0.2376616479635239,0.08375097485344977,10
100,32,0.22,-0.32007889506816867,0.10679148590107967,0.32007889506816867,0.10679148590107967,10
100,32,0.25,-0.4634917552947998,0.14548359433111643,0.4634917552947998,0.14548359433111643,10
100,32,0.28,-0.6288927401065827,0.18837166966474372,0.6288927401065827,0.18837166966474372,10
100,32,0.3,-0.7504962240219115,0.21897346354628647,0.7504962240219115,0.21897346354628647,10
100,32,0.35,-1.0912303660392764,0.30163538766180126,1.0912303660392764,0.30163538766180126,10
100,32,0.4,-1.4800880779743193,0.39202159036929096,1.4800880779743193,0.39202159036929096,10
100,32,0.5,-2.3821442472457885,0.591835265408999,2.3821442472457885,0.591835265408999,10
100,32,0.7,-4.580776931905747,1.0490571595085105,4.580776931905747,1.0490571595085105,10
100,32,1.0,-8.63409231877327,1.8522276453490076,8.63409231877327,1.8522276453490076,10
100,64,0.0001,0.0001032753944396947,8.938599549640908e-06,-0.0001032753944396947,8.938599549640908e-06,10
100,64,0.0003,0.00030933690071104916,2.6760803657786855e-05,-0.00030933690071104916,2.6760803657786855e-05,10
100,64,0.001,0.001025985407829283,8.852650408156872e-05,-0.001025985407829283,8.852650408156872e-05,10
100,64,0.002,0.002037658596038805,0.00017521007050544442,-0.002037658596038805,0.00017521007050544442,10
100,64,0.003,0.0030350795745849425,0.0002600692439843448,-0.0030350795745849425,0.0002600692439843448,10
100,64,0.005,0.004987641596794118,0.00042443527928282617,-0.004987641596794118,0.00042443527928282617,10
100,64,0.007,0.006884118437767023,0.0005818066871209115,-0.006884118437767023,0.0005818066871209115,10
100,64,0.01,0.00962466075420379,0.0008053168603424438,-0.00962466075420379,0.0008053168603424438,10
100,64,0.015,0.01391735432147978,0.0011462778396468505,-0.01391735432147978,0.0011462778396468505,10
100,64,0.02,0.017868513703346245,0.0014511922113433636,-0.017868513703346245,0.0014511922113433636,10
100,64,0.03,0.02476401262283324,0.001970624655415707,-0.02476401262283324,0.001970624655415707,10
100,64,0.04,0.03033739359378813,0.0024060107234171726,-0.03033739359378813,0.0024060107234171726,10
100,64,0.05,0.034612011933326706,0.002813446759626572,-0.034612011933326706,0.002813446759626572,10
100,64,0.06,0.0376064079284668,0.00326078612161467,-0.0376064079284668,0.00326078612161467,10
100,64,0.07,0.03933528857231138,0.0038181649334861133,-0.03933528857231138,0.0038181649334861133,10
100,64,0.08,0.039806282401084886,0.0045468649596087755,-0.039806282401084886,0.0045468649596087755,10
100,64,0.09,0.0390259806871414,0.005490185050343569,-0.0390259806871414,0.005490185050343569,10
100,64,0.1,0.03699131588935852,0.006673973693469312,-0.03699131588935852,0.006673973693469312,10
100,64,0.12,0.029132554888725272,0.009801524089227178,-0.029132554888725272,0.009801524089227178,10
100,64,0.15,0.007691749072074872,0.016432687808515634,-0.007691749072074872,0.016432687808515634,10
100,64,0.18,-0.02567993376255036,0.025411286260426966,0.02567993376255036,0.025411286260426966,10
100,64,0.2,-0.05482776815891268,0.032756527097804404,0.05482776815891268,0.032756527097804404,10
100,64,0.22,-0.0897084724187851,0.04124859916413686,0.0897084724187851,0.04124859916413686,10
100,64,0.25,-0.1530093279361725,0.05619989611549964,0.1530093279361725,0.05619989611549964,10
100,64,0.28,-0.2294245854377747,0.07373077803649719,0.2294245854377747,0.07373077803649719,10
100,64,0.3,-0.28745288217067727,0.0867411323463784,0.28745288217067727,0.0867411323463784,10
100,64,0.35,-0.4557187135696411,0.12320906361713836,0.4557187135696411,0.12320906361713836,10
100,64,0.4,-0.6540882274627686,0.16420187498194083,0.6540882274627686,0.16420187498194083,10
100,64,0.5,-1.1283206453323367,0.25639847990991177,1.1283206453323367,0.25639847990991177,10
100,64,0.7,-2.3269522439479826,0.4737858334537401,2.3269522439479826,0.4737858334537401,10
100,64,1.0,-4.60499753651619,0.8767869819745189,4.60499753651619,0.8767869819745189,10
100,128,0.0001,9.919860363006295e-05,8.819905433296969e-06,-9.919860363006295e-05,8.819905433296969e-06,10
100,128,0.0003,0.0002972641944885113,2.6414772664977344e-05,-0.0002972641944885113,2.6414772664977344e-05,10
100,128,0.001,0.0009874279499053839,8.756259434636361e-05,-0.0009874279499053839,8.756259434636361e-05,10
100,128,0.002,0.0019656766414642203,0.00017376675819725222,-0.0019656766414642203,0.00017376675819725222,10
100,128,0.003,0.002934722495079034,0.0002586057813646811,-0.002934722495079034,0.0002586057813646811,10
100,128,0.005,0.004845516061782828,0.0004242769433093538,-0.004845516061782828,0.0004242769433093538,10
100,128,0.007,0.006720126748085009,0.0005846338202305941,-0.006720126748085009,0.0005846338202305941,10
100,128,0.01,0.009464281535148621,0.0008152406689384872,-0.009464281535148621,0.0008152406689384872,10
100,128,0.015,0.013858929514884932,0.001173403193184226,-0.013858929514884932,0.001173403193184226,10
100,128,0.02,0.018032278370857226,0.0014996169106414228,-0.018032278370857226,0.0014996169106414228,10
100,128,0.03,0.025726067352294917,0.0020585430394185356,-0.025726067352294917,0.0020585430394185356,10
100,128,0.04,0.032561865186691276,0.002495702351831085,-0.032561865186691276,0.002495702351831085,10
100,128,0.05,0.03855126450061797,0.0028137988886889993,-0.03855126450061797,0.0028137988886889993,10
100,128,0.06,0.04370741305351256,0.0030159644110079008,-0.04370741305351256,0.0030159644110079008,10
100,128,0.07,0.048041390371322615,0.0031064284165120237,-0.048041390371322615,0.0031064284165120237,10
100,128,0.08,0.05155983536243438,0.0030886282502837195,-0.05155983536243438,0.0030886282502837195,10
100,128,0.09,0.05426530528068542,0.0029684674898241338,-0.05426530528068542,0.0029684674898241338,10
100,128,0.1,0.05616172573566436,0.0027558926345575894,-0.05616172573566436,0.0027558926345575894,10
100,128,0.12,0.05752457418441772,0.002153369718355704,-0.05752457418441772,0.002153369718355704,10
100,128,0.15,0.05337926530838012,0.002242529921662953,-0.05337926530838012,0.002242529921662953,10
100,128,0.18,0.041499181103706345,0.005297500298132028,-0.041499181103706345,0.005297500298132028,10
100,128,0.2,0.02905659494400023,0.008425416269031651,-0.02905659494400023,0.008425416269031651,10
100,128,0.22,0.012830484104156487,0.012299819338612267,-0.012830484104156487,0.012299819338612267,10
100,128,0.25,-0.018855454468727117,0.019509346136429583,0.018855454468727117,0.019509346136429583,10
100,128,0.28,-0.05959273552894593,0.028417035789420675,0.05959273552894593,0.028417035789420675,10
100,128,0.3,-0.09185777468681337,0.035302818323010104,0.09185777468681337,0.035302818323010104,10
100,128,0.35,-0.1904063137292862,0.05575199502658193,0.1904063137292862,0.05575199502658193,10
100,128,0.4,-0.3137750048875809,0.08045404553681798,0.3137750048875809,0.08045404553681798,10
100,128,0.5,-0.6294119651079179,0.14040463013660187,0.6294119651079179,0.14040463013660187,10
100,128,0.7,-1.4910074079513551,0.2885007596966639,1.4910074079513551,0.2885007596966639,10
100,128,1.0,-3.213644339227676,0.5506603926795868,3.213644339227676,0.5506603926795868,10
100,256,0.0001,0.00010057799816131086,7.61348926290341e-06,-0.00010057799816131086,7.61348926290341e-06,10
100,256,0.0003,0.0003013888835906864,2.2801016435605946e-05,-0.0003013888835906864,2.2801016435605946e-05,10
100,256,0.001,0.0010013367414474395,7.562416191181416e-05,-0.0010013367414474395,7.562416191181416e-05,10
100,256,0.002,0.0019938182592391883,0.00015021959357519046,-0.0019938182592391883,0.00015021959357519046,10
100,256,0.003,0.0029775336980819578,0.00022378066030934155,-0.0029775336980819578,0.00022378066030934155,10
100,256,0.005,0.004918626928329462,0.0003678219827055119,-0.004918626928329462,0.0003678219827055119,10
100,256,0.007,0.006825072431564322,0.0005078287739405477,-0.006825072431564322,0.0005078287739405477,10
100,256,0.01,0.009619735670089707,0.0007104213143177141,-0.009619735670089707,0.0007104213143177141,10
100,256,0.015,0.014104934191703795,0.0010286014682486311,-0.014104934191703795,0.0010286014682486311,10
100,256,0.02,0.018376857995986928,0.0013230980244415022,-0.018376857995986928,0.0013230980244415022,10
100,256,0.03,0.02629228317737579,0.0018431853646075204,-0.02629228317737579,0.0018431853646075204,10
100,256,0.04,0.03338418018817901,0.0022749046870614684,-0.03338418018817901,0.0022749046870614684,10
100,256,0.05,0.03966523702144621,0.0026213936569328723,-0.03966523702144621,0.0026213936569328723,10
100,256,0.06,0.04514760720729827,0.002886250472551233,-0.04514760720729827,0.002886250472551233,10
100,256,0.07,0.0498426643848419,0.003073261707331863,-0.0498426643848419,0.003073261707331863,10
100,256,0.08,0.05375917668342589,0.0031860361868816865,-0.05375917668342589,0.0031860361868816865,10
100,256,0.09,0.05690476670265197,0.0032285627033745586,-0.05690476670265197,0.0032285627033745586,10
100,256,0.1,0.059285906505584705,0.0032053117170062657,-0.059285906505584705,0.0032053117170062657,10
100,256,0.12,0.06176819486618042,0.0029908417384129607,-0.06176819486618042,0.0029908417384129607,10
100,256,0.15,0.05976180489063263,0.0025120548723858017,-0.05976180489063263,0.0025120548723858017,10
100,256,0.18,0.05072805268764495,0.002878971311733858,-0.05072805268764495,0.002878971311733858,10
100,256,0.2,0.04068503723144531,0.004090318816846927,-0.04068503723144531,0.004090318816846927,10
100,256,0.22,0.027328647875785816,0.0059242961384494055,-0.027328647875785816,0.0059242961384494055,10
100,256,0.25,0.0009259277820587109,0.009519137358503698,-0.0009259277820587109,0.009519137358503698,10
100,256,0.28,-0.033321231436729444,0.013927333597438522,0.033321231436729444,0.013927333597438522,10
100,256,0.3,-0.06059712533950805,0.017266532893471326,0.06059712533950805,0.017266532893471326,10
100,256,0.35,-0.14453799464702607,0.02687322252762358,0.14453799464702607,0.02687322252762358,10
100,256,0.4,-0.25094734070301056,0.03813027484592441,0.25094734070301056,0.03813027484592441,10
100,256,0.5,-0.5277133587837219,0.06490919447675969,0.5277133587837219,0.06490919447675969,10
100,256,0.7,-1.2908896152019502,0.1288371649138368,1.2908896152019502,0.1288371649138368,10
100,256,1.0,-2.794079040288925,0.23370267072657552,2.794079040288925,0.23370267072657552,10
100,384,0.0001,0.00010381958484648735,7.354553634586809e-06,-0.00010381958484648735,7.354553634586809e-06,10
100,384,0.0003,0.000311081194877616,2.2010984279930043e-05,-0.000311081194877616,2.2010984279930043e-05,10
100,384,0.001,0.0010336257457733034,7.297988958013181e-05,-0.0010336257457733034,7.297988958013181e-05,10
100,384,0.002,0.0020582849025726213,0.00014488878047121036,-0.0020582849025726213,0.00014488878047121036,10
100,384,0.003,0.003074008297920211,0.00021570400227766958,-0.003074008297920211,0.00021570400227766958,10
100,384,0.005,0.005078905367851249,0.00035413660397864245,-0.005078905367851249,0.00035413660397864245,10
100,384,0.007,0.007048742794990537,0.0004883851978100122,-0.007048742794990537,0.0004883851978100122,10
100,384,0.01,0.009938332414627072,0.0006820666276648847,-0.009938332414627072,0.0006820666276648847,10
100,384,0.015,0.014580947232246382,0.000984468133719676,-0.014580947232246382,0.000984468133719676,10
100,384,0.02,0.01900883054733275,0.0012620090267528284,-0.01900883054733275,0.0012620090267528284,10
100,384,0.03,0.027233666157722453,0.0017457336001507904,-0.027233666157722453,0.0017457336001507904,10
100,384,0.04,0.03463406641483306,0.0021389781751825158,-0.03463406641483306,0.0021389781751825158,10
100,384,0.05,0.04122378375530241,0.002445715845420172,-0.04122378375530241,0.002445715845420172,10
100,384,0.06,0.047015779590606675,0.0026706044104737496,-0.047015779590606675,0.0026706044104737496,10
100,384,0.07,0.05202272236347196,0.0028184567315356927,-0.05202272236347196,0.0028184567315356927,10
100,384,0.08,0.05625752489566801,0.002894660639695438,-0.05625752489566801,0.002894660639695438,10
100,384,0.09,0.05973350145816801,0.002905921521271839,-0.05973350145816801,0.002905921521271839,10
100,384,0.1,0.062458110380172724,0.0028605453760575075,-0.062458110380172724,0.0028605453760575075,10
100,384,0.12,0.06567457387447358,0.0026479840126521744,-0.06567457387447358,0.0026479840126521744,10
100,384,0.15,0.0649345332622528,0.0024232333854244292,-0.0649345332622528,0.0024232333854244292,10
100,384,0.18,0.0574442860841751,0.0033579459720052877,-0.0574442860841751,0.0033579459720052877,10
100,384,0.2,0.04862509460449218,0.004829753020603419,-0.04862509460449218,0.004829753020603419,10
100,384,0.22,0.03667687277793884,0.006835769425078027,-0.03667687277793884,0.006835769425078027,10
100,384,0.25,0.01278063304424285,0.01066736166733571,-0.01278063304424285,0.01066736166733571,10
100,384,0.28,-0.018391040444374108,0.01535702419176025,0.018391040444374108,0.01535702419176025,10
100,384,0.3,-0.04323764069080353,0.018908160090889872,0.04323764069080353,0.018908160090889872,10
100,384,0.35,-0.11953692355155945,0.029063890666295094,0.11953692355155945,0.029063890666295094,10
100,384,0.4,-0.21575109064579007,0.04068434713588214,0.21575109064579007,0.04068434713588214,10
100,384,0.5,-0.4640119502067567,0.06676046171489432,0.4640119502067567,0.06676046171489432,10
100,384,0.7,-1.1433868364810944,0.12460500552587497,1.1433868364810944,0.12460500552587497,10
100,384,1.0,-2.473528526544571,0.2164279263129495,2.473528526544571,0.2164279263129495,10
100,512,0.0001,9.98096227645684e-05,3.876387403329623e-06,-9.98096227645684e-05,3.876387403329623e-06,10
100,512,0.0003,0.0002991382122039643,1.1611192268463941e-05,-0.0002991382122039643,1.1611192268463941e-05,10
100,512,0.001,0.0009941432714462295,3.848625947075844e-05,-0.0009941432714462295,3.848625947075844e-05,10
100,512,0.002,0.001980272912979114,7.64074280167142e-05,-0.001980272912979114,7.64074280167142e-05,10
100,512,0.003,0.002958471393585194,0.00011375155898597005,-0.002958471393585194,0.00011375155898597005,10
100,512,0.005,0.004890984320640552,0.00018672493817984133,-0.004890984320640552,0.00018672493817984133,10
100,512,0.007,0.006792136859893788,0.00025749049186046255,-0.006792136859893788,0.00025749049186046255,10
100,512,0.01,0.009585101270675656,0.00035945354576564717,-0.009585101270675656,0.00035945354576564717,10
100,512,0.015,0.014083911705017072,0.000518525001188144,-0.014083911705017072,0.000518525001188144,10
100,512,0.02,0.01838884348869322,0.000664363235639495,-0.01838884348869322,0.000664363235639495,10
100,512,0.03,0.026426120352745053,0.0009185502701190922,-0.026426120352745053,0.0009185502701190922,10
100,512,0.04,0.03371202874183654,0.0011261371547067718,-0.03371202874183654,0.0011261371547067718,10
100,512,0.05,0.04025726001262664,0.001290763452448774,-0.04025726001262664,0.001290763452448774,10
100,512,0.06,0.0460692480802536,0.0014173147445779041,-0.0460692480802536,0.0014173147445779041,10
100,512,0.07,0.05115774126052854,0.0015124845740333392,-0.05115774126052854,0.0015124845740333392,10
100,512,0.08,0.05552947106361389,0.0015841572858361855,-0.05552947106361389,0.0015841572858361855,10
100,512,0.09,0.05919308493137358,0.0016428919105775136,-0.05919308493137358,0.0016428919105775136,10
100,512,0.1,0.062155682373046875,0.0017013341478281324,-0.062155682373046875,0.0017013341478281324,10
100,512,0.12,0.06599320769309998,0.0018781623264665162,-0.06599320769309998,0.0018781623264665162,10
100,512,0.15,0.06654820837974548,0.0025152349347678997,-0.06654820837974548,0.0025152349347678997,10
100,512,0.18,0.06080103607177734,0.003774173599394277,-0.06080103607177734,0.003774173599394277,10
100,512,0.2,0.05338748624324796,0.00496132368433323,-0.05338748624324796,0.00496132368433323,10
100,512,0.22,0.04302352066040038,0.006416235256682372,-0.04302352066040038,0.006416235256682372,10
100,512,0.25,0.0217421534538269,0.009096150374954207,-0.0217421534538269,0.009096150374954207,10
100,512,0.28,-0.006672457861900338,0.01235610873403986,0.006672457861900338,0.01235610873403986,10
100,512,0.3,-0.02971048810482025,0.014844658469602251,0.02971048810482025,0.014844658469602251,10
100,512,0.35,-0.10201670663356781,0.022117694125476716,0.10201670663356781,0.022117694125476716,10
100,512,0.4,-0.1954952399492264,0.03069850599323799,0.1954952399492264,0.03069850599323799,10
100,512,0.5,-0.443637553024292,0.050399372674166894,0.443637553024292,0.050399372674166894,10
100,512,0.7,-1.137338977956772,0.09090619237931563,1.137338977956772,0.09090619237931563,10
100,512,1.0,-2.4810639849185945,0.15083892704954735,2.4810639849185945,0.15083892704954735,10
100,768,0.0001,0.00010575883388518337,3.305516473500506e-06,-0.00010575883388518337,3.305516473500506e-06,10
100,768,0.0003,0.00031694638729093947,9.893763140386887e-06,-0.00031694638729093947,9.893763140386887e-06,10
100,768,0.001,0.0010532905578613193,3.275663036945568e-05,-0.0010532905578613193,3.275663036945568e-05,10
100,768,0.002,0.0020980257034301673,6.49146663841542e-05,-0.0020980257034301673,6.49146663841542e-05,10
100,768,0.003,0.0031342295885085913,9.647054917841073e-05,-0.0031342295885085913,9.647054917841073e-05,10
100,768,0.005,0.005181077575683585,0.00015780357290899252,-0.005181077575683585,0.00015780357290899252,10
100,768,0.007,0.007194188880920399,0.00021680679902497856,-0.007194188880920399,0.00021680679902497856,10
100,768,0.01,0.010151031374931323,0.00030087832939554044,-0.010151031374931323,0.00030087832939554044,10
100,768,0.015,0.014912241482734678,0.00042945537671730733,-0.014912241482734678,0.00042945537671730733,10
100,768,0.02,0.01946584784984588,0.0005435701692472231,-0.01946584784984588,0.0005435701692472231,10
100,768,0.03,0.027962440156936642,0.0007311806692943362,-0.027962440156936642,0.0007311806692943362,10
100,768,0.04,0.03565801749229431,0.0008647762260891042,-0.03565801749229431,0.0008647762260891042,10
100,768,0.05,0.04256496500968932,0.0009470240818062123,-0.04256496500968932,0.0009470240818062123,10
100,768,0.06,0.04869428508281707,0.0009797036009242582,-0.04869428508281707,0.0009797036009242582,10
100,768,0.07,0.054057539272308344,0.0009663548773692315,-0.054057539272308344,0.0009663548773692315,10
100,768,0.08,0.05866270735263823,0.0009136387985340606,-0.05866270735263823,0.0009136387985340606,10
100,768,0.09,0.06251947669982909,0.0008318314401814459,-0.06251947669982909,0.0008318314401814459,10
100,768,0.1,0.06563566060066221,0.0007411168747578419,-0.06563566060066221,0.0007411168747578419,10
100,768,0.12,0.06966855792999267,0.000719645522951284,-0.06966855792999267,0.000719645522951284,10
100,768,0.15,0.07024384918212892,0.0015918543261283192,-0.07024384918212892,0.0015918543261283192,10
100,768,0.18,0.06420468072891235,0.0032429349709252784,-0.06420468072891235,0.0032429349709252784,10
100,768,0.2,0.056439070391654966,0.004691165211352611,-0.056439070391654966,0.004691165211352611,10
100,768,0.22,0.04560562946796417,0.00641976679660648,-0.04560562946796417,0.00641976679660648,10
100,768,0.25,0.023439837646484357,0.009551735116377634,-0.023439837646484357,0.009551735116377634,10
100,768,0.28,-0.006033057379722606,0.013339360229863468,0.006033057379722606,0.013339360229863468,10
100,768,0.3,-0.029854021883010878,0.016217822305191233,0.029854021883010878,0.016217822305191233,10
100,768,0.35,-0.10438661448955537,0.024558020208254976,0.10438661448955537,0.024558020208254976,10
100,768,0.4,-0.2005224928379059,0.03428612359569187,0.2005224928379059,0.03428612359569187,10
100,768,0.5,-0.4548604088306427,0.0562568047437183,0.4548604088306427,0.0562568047437183,10
100,768,0.7,-1.1608129173755646,0.10235620836359663,1.1608129173755646,0.10235620836359663,10
100,768,1.0,-2.5247998089313506,0.17759936290064016,2.5247998089313506,0.17759936290064016,10
100,1024,0.0001,0.00010466849803923984,2.803303504099904e-06,-0.00010466849803923984,2.803303504099904e-06,10
100,1024,0.0003,0.0003136748075485196,8.376401063242052e-06,-0.0003136748075485196,8.376401063242052e-06,10
100,1024,0.001,0.0010424971103668134,2.7785242345688523e-05,-0.0010424971103668134,2.7785242345688523e-05,10
100,1024,0.002,0.0020766556501388366,5.515549443564432e-05,-0.0020766556501388366,5.515549443564432e-05,10
100,1024,0.003,0.003102555251121508,8.211643295063045e-05,-0.003102555251121508,8.211643295063045e-05,10
100,1024,0.005,0.005129580354690544,0.00013483972218825187,-0.005129580354690544,0.00013483972218825187,10
100,1024,0.007,0.007124020767211897,0.00018598294470533117,-0.007124020767211897,0.00018598294470533117,10
100,1024,0.01,0.010054529643058774,0.0002597267789522552,-0.010054529643058774,0.0002597267789522552,10
100,1024,0.015,0.014776400494575492,0.0003747894968136533,-0.014776400494575492,0.0003747894968136533,10
100,1024,0.02,0.019296917533874504,0.00048023944751044556,-0.019296917533874504,0.00048023944751044556,10
100,1024,0.03,0.02774189138412475,0.0006634950286790897,-0.02774189138412475,0.0006634950286790897,10
100,1024,0.04,0.03540413494110106,0.0008110977384728421,-0.03540413494110106,0.0008110977384728421,10
100,1024,0.05,0.0422933087825775,0.0009245352204742278,-0.0422933087825775,0.0009245352204742278,10
100,1024,0.06,0.048418286705017084,0.001005929771893364,-0.048418286705017084,0.001005929771893364,10
100,1024,0.07,0.05378676567077636,0.0010577761806540708,-0.05378676567077636,0.0010577761806540708,10
100,1024,0.08,0.05840677280426025,0.0010838605224496875,-0.05840677280426025,0.0010838605224496875,10
100,1024,0.09,0.062284478235244745,0.0010895525326227852,-0.062284478235244745,0.0010895525326227852,10
100,1024,0.1,0.06542684643268584,0.0010822662164105287,-0.06542684643268584,0.0010822662164105287,10
100,1024,0.12,0.06952390518188475,0.0010744651964144586,-0.06952390518188475,0.0010744651964144586,10
100,1024,0.15,0.0701948877811432,0.001340616684107656,-0.0701948877811432,0.001340616684107656,10
100,1024,0.18,0.06418840854167937,0.0022125664849851376,-0.06418840854167937,0.0022125664849851376,10
100,1024,0.2,0.05636692407131194,0.003122359005109318,-0.05636692407131194,0.003122359005109318,10
100,1024,0.22,0.045391454839706406,0.004276363407853842,-0.045391454839706406,0.004276363407853842,10
100,1024,0.25,0.02277356243133543,0.006469042438003754,-0.02277356243133543,0.006469042438003754,10
100,1024,0.28,-0.0075385249376297035,0.009225533709957838,0.0075385249376297035,0.009225533709957838,10
100,1024,0.3,-0.03218052082061769,0.011381136968004222,0.03218052082061769,0.011381136968004222,10
100,1024,0.35,-0.10974340410232544,0.017860946563013687,0.10974340410232544,0.017860946563013687,10
100,1024,0.4,-0.21035342650413513,0.025794295368922266,0.21035342650413513,0.025794295368922266,10
100,1024,0.5,-0.47783572249412537,0.04503345708278623,0.47783572249412537,0.04503345708278623,10
100,1024,0.7,-1.2233611428737643,0.0894801140022521,1.2233611428737643,0.0894801140022521,10
100,1024,1.0,-2.6544480907917025,0.16294496080285867,2.6544480907917025,0.16294496080285867,10
100,1536,0.0001,0.00010726995468137712,3.864501957628874e-06,-0.00010726995468137712,3.864501957628874e-06,10
100,1536,0.0003,0.00032145893573760074,1.1577768366036869e-05,-0.00032145893573760074,1.1577768366036869e-05,10
100,1536,0.001,0.0010683410167693975,3.8382616442983565e-05,-0.0010683410167693975,3.8382616442983565e-05,10
100,1536,0.002,0.0021280816078185936,7.616805945600968e-05,-0.0021280816078185936,7.616805945600968e-05,10
100,1536,0.003,0.0031793262243270835,0.00011335530285726963,-0.0031793262243270835,0.00011335530285726963,10
100,1536,0.005,0.005256249618530268,0.00018595475631294863,-0.005256249618530268,0.00018595475631294863,10
100,1536,0.007,0.007299469542503339,0.0002562199174950607,-0.007299469542503339,0.0002562199174950607,10
100,1536,0.01,0.010301438117027278,0.00035725053869320564,-0.010301438117027278,0.00035725053869320564,10
100,1536,0.015,0.015137890791892988,0.0005140752856525432,-0.015137890791892988,0.0005140752856525432,10
100,1536,0.02,0.019766847109794605,0.0006567344103021432,-0.019766847109794605,0.0006567344103021432,10
100,1536,0.03,0.028411955022811873,0.0009009726054769383,-0.028411955022811873,0.0009009726054769383,10
100,1536,0.04,0.03625439887046812,0.0010919215524063373,-0.03625439887046812,0.0010919215524063373,10
100,1536,0.05,0.04330371813774108,0.0012302394704819671,-0.04330371813774108,0.0012302394704819671,10
100,1536,0.06,0.049572836327552786,0.0013186347849648763,-0.049572836327552786,0.0013186347849648763,10
100,1536,0.07,0.05507063274383543,0.0013579909032323378,-0.05507063274383543,0.0013579909032323378,10
100,1536,0.08,0.05980555632114408,0.001351704657473441,-0.05980555632114408,0.001351704657473441,10
100,1536,0.09,0.06378781974315642,0.001303508572150521,-0.06378781974315642,0.001303508572150521,10
100,1536,0.1,0.06702390520572661,0.0012186798863999602,-0.06702390520572661,0.0012186798863999602,10
100,1536,0.12,0.07127707769870757,0.0009889126588469332,-0.07127707769870757,0.0009889126588469332,10
100,1536,0.15,0.07213818955421447,0.0010502365492085638,-0.07213818955421447,0.0010502365492085638,10
100,1536,0.18,0.06633852658271788,0.0022362868204740902,-0.06633852658271788,0.0022362868204740902,10
100,1536,0.2,0.0587042628288269,0.0034485404761312967,-0.0587042628288269,0.0034485404761312967,10
100,1536,0.22,0.04797893137931823,0.004935556431572273,-0.04797893137931823,0.004935556431572273,10
100,1536,0.25,0.025922352218627914,0.0076698918401426385,-0.025922352218627914,0.0076698918401426385,10
100,1536,0.28,-0.003545842552185069,0.01101850471229009,0.003545842552185069,0.01101850471229009,10
100,1536,0.3,-0.027443213772773756,0.013598989270343712,0.027443213772773756,0.013598989270343712,10
100,1536,0.35,-0.1024947071313858,0.02124617844918355,0.1024947071313858,0.02124617844918355,10
100,1536,0.4,-0.1996603537559509,0.030471081434680854,0.1996603537559509,0.030471081434680854,10
100,1536,0.5,-0.45742272047996524,0.05225673152774302,0.45742272047996524,0.05225673152774302,10
100,1536,0.7,-1.1714259661197661,0.09828506340732483,1.1714259661197661,0.09828506340732483,10
100,1536,1.0,-2.5273370762348177,0.16793405712163936,2.5273370762348177,0.16793405712163936,10
100,2048,0.0001,0.00010415546894071981,2.939646514906593e-06,-0.00010415546894071981,2.939646514906593e-06,10
100,2048,0.0003,0.00031213288307189167,8.805287856208982e-06,-0.00031213288307189167,8.805287856208982e-06,10
100,2048,0.001,0.0010374260663986168,2.9204615018246868e-05,-0.0010374260663986168,2.9204615018246868e-05,10
100,2048,0.002,0.0020666514158248885,5.7966553700253176e-05,-0.0020666514158248885,5.7966553700253176e-05,10
100,2048,0.003,0.0030877653837203868,8.627540348068751e-05,-0.0030877653837203868,8.627540348068751e-05,10
100,2048,0.005,0.005105604720115653,0.00014160335509205707,-0.005105604720115653,0.00014160335509205707,10
100,2048,0.007,0.0070913147449493345,0.0001952527293197591,-0.0070913147449493345,0.0001952527293197591,10
100,2048,0.01,0.010009951233863824,0.0002725487967426233,-0.010009951233863824,0.0002725487967426233,10
100,2048,0.015,0.01471501088142394,0.0003929749952199685,-0.01471501088142394,0.0003929749952199685,10
100,2048,0.02,0.01922203750610351,0.0005032901497002934,-0.01922203750610351,0.0005032901497002934,10
100,2048,0.03,0.027651441979408258,0.0006944247586634515,-0.027651441979408258,0.0006944247586634515,10
100,2048,0.04,0.035315162634849545,0.0008484140917964461,-0.035315162634849545,0.0008484140917964461,10
100,2048,0.05,0.04222409622669219,0.00096697486626894,-0.04222409622669219,0.00096697486626894,10
100,2048,0.06,0.0483877239704132,0.001052484252286306,-0.0483877239704132,0.001052484252286306,10
100,2048,0.07,0.05381577656269073,0.001107574539428816,-0.05381577656269073,0.001107574539428816,10
100,2048,0.08,0.0585157009601593,0.0011358074247596367,-0.0585157009601593,0.0011358074247596367,10
100,2048,0.09,0.06249598736762998,0.001142389395953046,-0.06249598736762998,0.001142389395953046,10
100,2048,0.1,0.06576402573585512,0.00113488582426192,-0.06576402573585512,0.00113488582426192,10
100,2048,0.12,0.07018678100109099,0.0011232367397980064,-0.07018678100109099,0.0011232367397980064,10
100,2048,0.15,0.07155693213939666,0.0013685595287119315,-0.07155693213939666,0.0013685595287119315,10
100,2048,0.18,0.06654044308662413,0.0022062396183105733,-0.06654044308662413,0.0022062396183105733,10
100,2048,0.2,0.05957013401985169,0.0030873717087432917,-0.05957013401985169,0.0030873717087432917,10
100,2048,0.22,0.04961919171810149,0.004199518657267002,-0.04961919171810149,0.004199518657267002,10
100,2048,0.25,0.028922772502899152,0.006283361564199408,-0.028922772502899152,0.006283361564199408,10
100,2048,0.28,0.001061241006851188,0.008848690282397046,-0.001061241006851188,0.008848690282397046,10
100,2048,0.3,-0.02160863442420961,0.010815311041584558,0.02160863442420961,0.010815311041584558,10
100,2048,0.35,-0.09298349061012269,0.01656419097891621,0.09298349061012269,0.01656419097891621,10
100,2048,0.4,-0.18547385632991792,0.02334138721594227,0.18547385632991792,0.02334138721594227,10
100,2048,0.5,-0.43142666172981264,0.039064143636156165,0.43142666172981264,0.039064143636156165,10
100,2048,0.7,-1.1200694803714755,0.07459457326664476,1.1200694803714755,0.07459457326664476,10
100,2048,1.0,-2.450173252820968,0.1354797610234386,2.450173252820968,0.1354797610234386,10
500,4,0.0001,3.883879184722605e-05,2.989284117311828e-05,-3.883879184722605e-05,2.989284117311828e-05,10
500,4,0.0003,0.00011403290033339952,8.819220253041273e-05,-0.00011403290033339952,8.819220253041273e-05,10
500,4,0.001,0.00035106956958770585,0.0002766212830025319,-0.00035106956958770585,0.0002766212830025319,10
500,4,0.002,0.0006194687843322722,0.0005055990071896725,-0.0006194687843322722,0.0005055990071896725,10
500,4,0.003,0.0008071407318115259,0.0006903631237170599,-0.0008071407318115259,0.0006903631237170599,10
500,4,0.005,0.0009453650236129763,0.0009415140057367054,-0.0009453650236129763,0.0009415140057367054,10
500,4,0.007,0.0007748021841049169,0.0010789997509374602,-0.0007748021841049169,0.0010789997509374602,10
500,4,0.01,-6.353223323822265e-05,0.0012676987156563654,6.353223323822265e-05,0.0012676987156563654,10
500,4,0.015,-0.0031495217919349644,0.002592760017953261,0.0031495217919349644,0.002592760017953261,10
500,4,0.02,-0.008829398870468144,0.005909138380984515,0.008829398870468144,0.005909138380984515,10
500,4,0.03,-0.03140943874120713,0.020481181321832465,0.03140943874120713,0.020481181321832465,10
500,4,0.04,-0.07273963561058044,0.047855882347680435,0.07273963561058044,0.047855882347680435,10
500,4,0.05,-0.1328309481739998,0.0866984887748592,0.1328309481739998,0.0866984887748592,10
500,4,0.06,-0.20897350033521653,0.13426975221105536,0.20897350033521653,0.13426975221105536,10
500,4,0.07,-0.2990805969953537,0.18910627202035038,0.2990805969953537,0.18910627202035038,10
500,4,0.08,-0.40174680546522146,0.2505010867410233,0.40174680546522146,0.2505010867410233,10
500,4,0.09,-0.5160422738552093,0.3180057803239148,0.5160422738552093,0.3180057803239148,10
500,4,0.1,-0.6412577283859253,0.391196284946463,0.6412577283859253,0.391196284946463,10
500,4,0.12,-0.9216776469111443,0.5528547065966014,0.9216776469111443,0.5528547065966014,10
500,4,0.15,-1.408321139371395,0.829160785434685,1.408321139371395,0.829160785434685,10
500,4,0.18,-1.9626688165783883,1.1412474591065678,1.9626688165783883,1.1412474591065678,10
500,4,0.2,-2.366167367959023,1.3675475455945745,2.366167367959023,1.3675475455945745,10
500,4,0.22,-2.795316584599018,1.6077310805807183,2.795316584599018,1.6077310805807183,10
500,4,0.25,-3.4858506897091863,1.993321050856412,3.4858506897091863,1.993321050856412,10
500,4,0.28,-4.232596102547646,2.409218361497125,4.232596102547646,2.409218361497125,10
500,4,0.3,-4.761538246130944,2.703219398616409,4.761538246130944,2.703219398616409,10
500,4,0.35,-6.192509988904,3.4963995007184523,6.192509988904,3.4963995007184523,10
500,4,0.4,-7.777562212657929,4.372008713471581,7.777562212657929,4.372008713471581,10
500,4,0.5,-11.406845615828036,6.370563816964952,11.406845615828036,6.370563816964952,10
500,4,0.7,-20.482011257088185,11.354862439847698,20.482011257088185,11.354862439847698,10
500,4,1.0,-38.591844504141804,21.309857487310783,38.591844504141804,21.309857487310783,10
500,8,0.0001,5.263161659241344e-06,4.421614073116129e-06,-5.263161659241344e-06,4.421614073116129e-06,10
500,8,0.0003,1.5670263767242342e-05,1.3273163897452117e-05,-1.5670263767242342e-05,1.3273163897452117e-05,10
500,8,0.001,5.077812671660797e-05,4.428841281517567e-05,-5.077812671660797e-05,4.428841281517567e-05,10
500,8,0.002,9.758607149124299e-05,8.876036649339047e-05,-9.758607149124299e-05,8.876036649339047e-05,10
500,8,0.003,0.00014047718048095236,0.00013337069064693806,-0.00014047718048095236,0.00013337069064693806,10
500,8,0.005,0.0002140459179878207,0.00022342493244604335,-0.0002140459179878207,0.00022342493244604335,10
500,8,0.007,0.00027145769596099154,0.0003149113562462933,-0.00027145769596099154,0.0003149113562462933,10
500,8,0.01,0.00032756252288818343,0.0004555234988283649,-0.00032756252288818343,0.0004555234988283649,10
500,8,0.015,0.0003409791469573903,0.0007011943995193462,-0.0003409791469573903,0.0007011943995193462,10
500,8,0.02,0.0002519936203956574,0.0009645232911360462,-0.0002519936203956574,0.0009645232911360462,10
500,8,0.03,-0.0002373077154159603,0.0015587463497962232,0.0002373077154159603,0.0015587463497962232,10
500,8,0.04,-0.0011556022644042985,0.002267256581959882,0.0011556022644042985,0.002267256581959882,10
500,8,0.05,-0.002523986947536472,0.0031165341808857593,0.002523986947536472,0.0031165341808857593,10
500,8,0.06,-0.0043737043261528,0.00413522392022768,0.0043737043261528,0.00413522392022768,10
500,8,0.07,-0.00674309130907059,0.005352889192833601,0.00674309130907059,0.005352889192833601,10
500,8,0.08,-0.009676871204376224,0.006797800489412359,0.009676871204376224,0.006797800489412359,10
500,8,0.09,-0.013229906308650974,0.008497150074696138,0.013229906308650974,0.008497150074696138,10
500,8,0.1,-0.017463892376422888,0.010477642572807413,0.017463892376422888,0.010477642572807413,10
500,8,0.12,-0.028243220913410194,0.015413453475130293,0.028243220913410194,0.015413453475130293,10
500,8,0.15,-0.05114882326126099,0.025729098805626814,0.05114882326126099,0.025729098805626814,10
500,8,0.18,-0.08318978784084319,0.040161932007005935,0.08318978784084319,0.040161932007005935,10
500,8,0.2,-0.10975894067287448,0.05213805647755826,0.10975894067287448,0.05213805647755826,10
500,8,0.22,-0.14027804017066953,0.0658298163023869,0.14027804017066953,0.0658298163023869,10
500,8,0.25,-0.1928024178385735,0.08906725579352136,0.1928024178385735,0.08906725579352136,10
500,8,0.28,-0.2526037561893463,0.11485028205441355,0.2526037561893463,0.11485028205441355,10
500,8,0.3,-0.29622058227062226,0.13318366956318126,0.29622058227062226,0.13318366956318126,10
500,8,0.35,-0.41753191914558413,0.18218036155154538,0.41753191914558413,0.18218036155154538,10
500,8,0.4,-0.5555585303544999,0.23495620989542623,0.5555585303544999,0.23495620989542623,10
500,8,0.5,-0.8791055402040483,0.35023992930242454,0.8791055402040483,0.35023992930242454,10
500,8,0.7,-1.7078282708644867,0.6161775186387047,1.7078282708644867,0.6161775186387047,10
500,8,1.0,-3.383898246383667,1.0998499931589751,3.383898246383667,1.0998499931589751,10
500,16,0.0001,8.539247512812098e-06,2.9365920129410445e-06,-8.539247512812098e-06,2.9365920129410445e-06,10
500,16,0.0003,2.5490653514856354e-05,8.820247109927698e-06,-2.5490653514856354e-05,8.820247109927698e-06,10
500,16,0.001,8.33603143691991e-05,2.9531738232975583e-05,-8.33603143691991e-05,2.9531738232975583e-05,10
500,16,0.002,0.0001623008251190189,5.94041536605231e-05,-0.0001623008251190189,5.94041536605231e-05,10
500,16,0.003,0.00023674789667129103,8.970666809843333e-05,-0.00023674789667129103,8.970666809843333e-05,10
500,16,0.005,0.0003723745346069313,0.00015176877081592524,-0.0003723745346069313,0.00015176877081592524,10
500,16,0.007,0.0004899530649185135,0.0002160431025163816,-0.0004899530649185135,0.0002160431025163816,10
500,16,0.01,0.0006330214262008638,0.0003170830888910723,-0.0006330214262008638,0.0003170830888910723,10
500,16,0.015,0.0007817877411842311,0.0004990866154920159,-0.0007817877411842311,0.0004990866154920159,10
500,16,0.02,0.00081958656311035,0.0007012621739282556,-0.00081958656311035,0.0007012621739282556,10
500,16,0.03,0.0005593648910522442,0.0011784145607057935,-0.0005593648910522442,0.0011784145607057935,10
500,16,0.04,-0.00015655943155288565,0.0017698175691174007,0.00015655943155288565,0.0017698175691174007,10
500,16,0.05,-0.0013339790582656912,0.0024910528047874195,0.0013339790582656912,0.0024910528047874195,10
500,16,0.06,-0.002993003761768345,0.003357768886048607,0.002993003761768345,0.003357768886048607,10
500,16,0.07,-0.0051560017943382275,0.004382376300725472,0.0051560017943382275,0.004382376300725472,10
500,16,0.08,-0.007844157445430761,0.005574008945690036,0.007844157445430761,0.005574008945690036,10
500,16,0.09,-0.011079535007476809,0.006946055515682363,0.011079535007476809,0.006946055515682363,10
500,16,0.1,-0.014891883099079137,0.008513652591666426,0.014891883099079137,0.008513652591666426,10
500,16,0.12,-0.02435873470306397,0.012285641390630831,0.02435873470306397,0.012285641390630831,10
500,16,0.15,-0.04358632234334946,0.019713655023584208,0.04358632234334946,0.019713655023584208,10
500,16,0.18,-0.06942781246900558,0.02947442714983604,0.06942781246900558,0.02947442714983604,10
500,16,0.2,-0.09060565880537033,0.03735471360188349,0.09060565880537033,0.03735471360188349,10
500,16,0.22,-0.11507050479650498,0.046331727965847,0.11507050479650498,0.046331727965847,10
500,16,0.25,-0.15811289899349215,0.06184318618729145,0.15811289899349215,0.06184318618729145,10
500,16,0.28,-0.208835602247715,0.07968756717366304,0.208835602247715,0.07968756717366304,10
500,16,0.3,-0.24701257423162457,0.09285024151837291,0.24701257423162457,0.09285024151837291,10
500,16,0.35,-0.3581235236525535,0.13007493016243055,0.3581235236525535,0.13007493016243055,10
500,16,0.4,-0.49158819547891613,0.17297587616618817,0.49158819547891613,0.17297587616618817,10
500,16,0.5,-0.8227374549865722,0.2733087952214644,0.8227374549865722,0.2733087952214644,10
500,16,0.7,-1.7130046787500384,0.5209996350156789,1.7130046787500384,0.5209996350156789,10
500,16,1.0,-3.5209173125743867,0.9873135592924938,3.5209173125743867,0.9873135592924938,10
500,32,0.0001,1.2583208084104846e-05,4.164303632780183e-06,-1.2583208084104846e-05,4.164303632780183e-06,10
500,32,0.0003,3.761719465255054e-05,1.246515453028772e-05,-3.761719465255054e-05,1.246515453028772e-05,10
500,32,0.001,0.0001239212989807087,4.127353937152556e-05,-0.0001239212989807087,4.127353937152556e-05,10
500,32,0.002,0.00024370527267455756,8.176243307174762e-05,-0.00024370527267455756,8.176243307174762e-05,10
500,32,0.003,0.0003593288779258685,0.00012148098990552322,-0.0003593288779258685,0.00012148098990552322,10
500,32,0.005,0.0005780048727989206,0.00019869428435781992,-0.0005780048727989206,0.00019869428435781992,10
500,32,0.007,0.0007804444670677119,0.0002732182268348753,-0.0007804444670677119,0.0002732182268348753,10
500,32,0.01,0.0010540843248367238,0.00038040114888429215,-0.0010540843248367238,0.00038040114888429215,10
500,32,0.015,0.001430076253414156,0.0005477891499577437,-0.001430076253414156,0.0005477891499577437,10
500,32,0.02,0.0017055612087249704,0.000703406099062519,-0.0017055612087249704,0.000703406099062519,10
500,32,0.03,0.0019597282409667986,0.0009922202540692997,-0.0019597282409667986,0.0009922202540692997,10
500,32,0.04,0.0018162474155426044,0.0012758229046092686,-0.0018162474155426044,0.0012758229046092686,10
500,32,0.05,0.0012699896454811093,0.001583444189807084,-0.0012699896454811093,0.001583444189807084,10
500,32,0.06,0.00031218520402908343,0.0019452315116270276,-0.00031218520402908343,0.0019452315116270276,10
500,32,0.07,-0.0010720417857170122,0.002387953034789929,0.0010720417857170122,0.002387953034789929,10
500,32,0.08,-0.0028929886341094975,0.0029329559912595203,0.0028929886341094975,0.0029329559912595203,10
500,32,0.09,-0.005162008583545685,0.003594714177870489,0.005162008583545685,0.003594714177870489,10
500,32,0.1,-0.007899139475822454,0.0043851828536920195,0.007899139475822454,0.0043851828536920195,10
500,32,0.12,-0.014850840997695925,0.006377068343571062,0.014850840997695925,0.006377068343571062,10
500,32,0.15,-0.02927979981899262,0.01047224625312047,0.02927979981899262,0.01047224625312047,10
500,32,0.18,-0.04904017119407654,0.015982797209965673,0.04904017119407654,0.015982797209965673,10
500,32,0.2,-0.06542817432880402,0.02048123066105544,0.06542817432880402,0.02048123066105544,10
500,32,0.22,-0.0845334704875946,0.025671882787655146,0.0845334704875946,0.025671882787655146,10
500,32,0.25,-0.11845363959074022,0.03485810512926488,0.11845363959074022,0.03485810512926488,10
500,32,0.28,-0.1588326396226883,0.045919636504060043,0.1588326396226883,0.045919636504060043,10
500,32,0.3,-0.18939987690448762,0.05445890914681453,0.18939987690448762,0.05445890914681453,10
500,32,0.35,-0.27851632912158963,0.08024330389563242,0.27851632912158963,0.08024330389563242,10
500,32,0.4,-0.3852133348941803,0.11237976807764424,0.3852133348941803,0.11237976807764424,10
500,32,0.5,-0.651269835639,0.195630918064293,0.651269835639,0.195630918064293,10
500,32,0.7,-1.3861732514381409,0.42761843097540053,1.3861732514381409,0.42761843097540053,10
500,32,1.0,-2.931343810796738,0.8859230792843096,2.931343810796738,0.8859230792843096,10
500,64,0.0001,1.1356544494628417e-05,2.512019411965849e-06,-1.1356544494628417e-05,2.512019411965849e-06,10
500,64,0.0003,3.399175405501831e-05,7.532754132326772e-06,-3.399175405501831e-05,7.532754132326772e-06,10
500,64,0.001,0.00011247905492782206,2.504157816038449e-05,-0.00011247905492782206,2.504157816038449e-05,10
500,64,0.002,0.0002225232362747215,4.989795948033188e-05,-0.0002225232362747215,4.989795948033188e-05,10
500,64,0.003,0.0003301151633262611,7.456557443072415e-05,-0.0003301151633262611,7.456557443072415e-05,10
500,64,0.005,0.0005379185199737568,0.0001233681354474705,-0.0005379185199737568,0.0001233681354474705,10
500,64,0.007,0.0007360182166099516,0.00017166431401459238,-0.0007360182166099516,0.00017166431401459238,10
500,64,0.01,0.0010147080540656994,0.00024329631820268506,-0.0010147080540656994,0.00024329631820268506,10
500,64,0.015,0.0014310708403587307,0.0003611676441207363,-0.0014310708403587307,0.0003611676441207363,10
500,64,0.02,0.0017873252987861605,0.0004783710944552625,-0.0017873252987861605,0.0004783710944552625,10
500,64,0.03,0.0023218921780586237,0.0007158418126101456,-0.0023218921780586237,0.0007158418126101456,10
500,64,0.04,0.002620350551605216,0.0009658110772779474,-0.002620350551605216,0.0009658110772779474,10
500,64,0.05,0.0026816637396812363,0.0012376542755586988,-0.0026816637396812363,0.0012376542755586988,10
500,64,0.06,0.0025067458033561666,0.001540343352031829,-0.0025067458033561666,0.001540343352031829,10
500,64,0.07,0.002099346876144409,0.0018820762936741565,-0.002099346876144409,0.0018820762936741565,10
500,64,0.08,0.001455017256736754,0.0022700755844803854,-0.001455017256736754,0.0022700755844803854,10
500,64,0.09,0.0005712911725044234,0.002709571855397344,-0.0005712911725044234,0.002709571855397344,10
500,64,0.1,-0.0005523553252220204,0.00320545432307394,0.0005523553252220204,0.00320545432307394,10
500,64,0.12,-0.0035368083000183155,0.00438451823111523,0.0035368083000183155,0.00438451823111523,10
500,64,0.15,-0.009937422859668735,0.006675086182470919,0.009937422859668735,0.006675086182470919,10
500,64,0.18,-0.01879150242805481,0.009663319121608732,0.01879150242805481,0.009663319121608732,10
500,64,0.2,-0.02614821325540543,0.012078818592841847,0.02614821325540543,0.012078818592841847,10
500,64,0.22,-0.0347420682668686,0.014857184385176461,0.0347420682668686,0.014857184385176461,10
500,64,0.25,-0.05006621009111405,0.019733491656326266,0.05006621009111405,0.019733491656326266,10
500,64,0.28,-0.06847023977041244,0.025478757723198058,0.06847023977041244,0.025478757723198058,10
500,64,0.3,-0.08252392270565033,0.02979272287641187,0.08252392270565033,0.02979272287641187,10
500,64,0.35,-0.12420300146341323,0.042209616758142623,0.12420300146341323,0.042209616758142623,10
500,64,0.4,-0.17557093516588212,0.05674845290101451,0.17557093516588212,0.05674845290101451,10
500,64,0.5,-0.3080554752349854,0.09129031546262929,0.3080554752349854,0.09129031546262929,10
500,64,0.7,-0.6845752055644989,0.17632300013839808,0.6845752055644989,0.17632300013839808,10
500,64,1.0,-1.4799669994831084,0.3234779135235534,1.4799669994831084,0.3234779135235534,10
500,128,0.0001,1.2683892250059392e-05,1.229442355162961e-06,-1.2683892250059392e-05,1.229442355162961e-06,10
500,128,0.0003,3.79959344863956e-05,3.6839285328600783e-06,-3.79959344863956e-05,3.6839285328600783e-06,10
500,128,0.001,0.00012610812187194563,1.2211698241186062e-05,-0.00012610812187194563,1.2211698241186062e-05,10
500,128,0.002,0.0002507295370101914,2.42528211434008e-05,-0.0002507295370101914,2.42528211434008e-05,10
500,128,0.003,0.00037386666536330936,3.612073200934775e-05,-0.00037386666536330936,3.612073200934775e-05,10
500,128,0.005,0.000615567040443421,5.932481016738541e-05,-0.000615567040443421,5.932481016738541e-05,10
500,128,0.007,0.00085114631652832,8.186506385506398e-05,-0.00085114631652832,8.186506385506398e-05,10
500,128,0.01,0.0011932739496231081,0.00011439458232634799,-0.0011932739496231081,0.00011439458232634799,10
500,128,0.015,0.001733931326866145,0.0001654417642147094,-0.001733931326866145,0.0001654417642147094,10
500,128,0.02,0.002238079595565795,0.00021260124799035496,-0.002238079595565795,0.00021260124799035496,10
500,128,0.03,0.003137678802013391,0.0002960294265616169,-0.003137678802013391,0.0002960294265616169,10
500,128,0.04,0.00389406839609146,0.0003667613369277065,-0.00389406839609146,0.0003667613369277065,10
500,128,0.05,0.0045091777443885765,0.0004268897206239955,-0.0045091777443885765,0.0004268897206239955,10
500,128,0.06,0.004983999431133273,0.000478873221165358,-0.004983999431133273,0.000478873221165358,10
500,128,0.07,0.0053205115914344795,0.0005264987712489197,-0.0053205115914344795,0.0005264987712489197,10
500,128,0.08,0.005519683265686031,0.0005739864232615708,-0.005519683265686031,0.0005739864232615708,10
500,128,0.09,0.0055816054940223655,0.0006260955302125481,-0.0055816054940223655,0.0006260955302125481,10
500,128,0.1,0.005507554399967191,0.0006871327024470643,-0.005507554399967191,0.0006871327024470643,10
500,128,0.12,0.00495519044399261,0.0008520031433275944,-0.00495519044399261,0.0008520031433275944,10
500,128,0.15,0.0031186310291290292,0.0012417883609184537,-0.0031186310291290292,0.0012417883609184537,10
500,128,0.18,7.039027214049976e-05,0.0018224897255113381,-7.039027214049976e-05,0.0018224897255113381,10
500,128,0.2,-0.0026489031434059145,0.0023184794918964242,0.0026489031434059145,0.0023184794918964242,10
500,128,0.22,-0.005924805712699896,0.0029014185982386524,0.005924805712699896,0.0029014185982386524,10
500,128,0.25,-0.011917248725891111,0.003944919961554484,0.011917248725891111,0.003944919961554484,10
500,128,0.28,-0.019257332050800328,0.005204077149989406,0.019257332050800328,0.005204077149989406,10
500,128,0.3,-0.02493208649158478,0.006173718685488225,0.02493208649158478,0.006173718685488225,10
500,128,0.35,-0.04204022073745728,0.009104667528858749,0.04204022073745728,0.009104667528858749,10
500,128,0.4,-0.06368423718214036,0.012862425156613842,0.06368423718214036,0.012862425156613842,10
500,128,0.5,-0.12236646494865419,0.02335767886218979,0.12236646494865419,0.02335767886218979,10
500,128,0.7,-0.3104839454412461,0.058344212116389974,0.3104839454412461,0.058344212116389974,10
500,128,1.0,-0.7811215270996094,0.14587261305992838,0.7811215270996094,0.14587261305992838,10
500,256,0.0001,1.2926506996152608e-05,1.003345355136187e-06,-1.2926506996152608e-05,1.003345355136187e-06,10
500,256,0.0003,3.873767852783372e-05,3.008592621319581e-06,-3.873767852783372e-05,3.008592621319581e-06,10
500,256,0.001,0.00012869803905486699,9.998347924742905e-06,-0.00012869803905486699,9.998347924742905e-06,10
500,256,0.002,0.0002561823487281789,1.9892559340871633e-05,-0.0002561823487281789,1.9892559340871633e-05,10
500,256,0.003,0.0003825086474418621,2.9692165514439583e-05,-0.0003825086474418621,2.9692165514439583e-05,10
500,256,0.005,0.0006315671682357776,4.899709675677028e-05,-0.0006315671682357776,4.899709675677028e-05,10
500,256,0.007,0.0008757662177085873,6.790783697307922e-05,-0.0008757662177085873,6.790783697307922e-05,10
500,256,0.01,0.001232984077930449,9.551851466179185e-05,-0.001232984077930449,9.551851466179185e-05,10
500,256,0.015,0.0018048523306846587,0.0001397832813432,-0.0018048523306846587,0.0001397832813432,10
500,256,0.02,0.0023478341817855797,0.0001820163330713949,-0.0023478341817855797,0.0001820163330713949,10
500,256,0.03,0.0033472355008125287,0.0002605468755825011,-0.0033472355008125287,0.0002605468755825011,10
500,256,0.04,0.0042317090511321985,0.00033201911265985233,-0.0042317090511321985,0.00033201911265985233,10
500,256,0.05,0.005002543616294855,0.0003979262791642846,-0.005002543616294855,0.0003979262791642846,10
500,256,0.06,0.005661867511272428,0.0004596184336372778,-0.005661867511272428,0.0004596184336372778,10
500,256,0.07,0.006210710227489469,0.0005185918968983465,-0.006210710227489469,0.0005185918968983465,10
500,256,0.08,0.0066499061703681915,0.0005768686926596152,-0.0066499061703681915,0.0005768686926596152,10
500,256,0.09,0.006981222558021546,0.0006365644006640529,-0.006981222558021546,0.0006365644006640529,10
500,256,0.1,0.0072054163813590946,0.0006988257049996064,-0.0072054163813590946,0.0006988257049996064,10
500,256,0.12,0.007332918667793278,0.0008375672310812156,-0.007332918667793278,0.0008375672310812156,10
500,256,0.15,0.006733141994476316,0.0011021684471129614,-0.006733141994476316,0.0011021684471129614,10
500,256,0.18,0.005195081663131709,0.0014601093717799116,-0.005195081663131709,0.0014601093717799116,10
500,256,0.2,0.0036512972474098153,0.001757620125250933,-0.0036512972474098153,0.001757620125250933,10
500,256,0.22,0.0016926412940025282,0.00210357222634573,-0.0016926412940025282,0.00210357222634573,10
500,256,0.25,-0.002033933019638068,0.0027149206007193254,0.002033933019638068,0.0027149206007193254,10
500,256,0.28,-0.006723752188682558,0.003440736876417326,0.006723752188682558,0.003440736876417326,10
500,256,0.3,-0.010397074449062352,0.003989707862827982,0.010397074449062352,0.003989707862827982,10
500,256,0.35,-0.021562505888938904,0.0055982062422577335,0.021562505888938904,0.0055982062422577335,10
500,256,0.4,-0.03571989766359329,0.007566318496706175,0.03571989766359329,0.007566318496706175,10
500,256,0.5,-0.07395994149446487,0.012729754012938601,0.07395994149446487,0.012729754012938601,10
500,256,0.7,-0.19702797282934187,0.029372863768551995,0.19702797282934187,0.029372863768551995,10
500,256,1.0,-0.5148096771001816,0.07655859842322525,0.5148096771001816,0.07655859842322525,10
500,384,0.0001,1.2110733985898347e-05,1.067430334637118e-06,-1.2110733985898347e-05,1.067430334637118e-06,10
500,384,0.0003,3.629974126815594e-05,3.1982282726916424e-06,-3.629974126815594e-05,3.1982282726916424e-06,10
500,384,0.001,0.00012064021825790028,1.0610751184181088e-05,-0.00012064021825790028,1.0610751184181088e-05,10
500,384,0.002,0.00024028503894805986,2.1090413360622654e-05,-0.00024028503894805986,2.1090413360622654e-05,10
500,384,0.003,0.0003589760422706589,3.1439218341270535e-05,-0.0003589760422706589,3.1439218341270535e-05,10
500,384,0.005,0.0005934427857398949,5.1732616531317744e-05,-0.0005934427857398949,5.1732616531317744e-05,10
500,384,0.007,0.0008240012407302822,7.149104045839797e-05,-0.0008240012407302822,7.149104045839797e-05,10
500,384,0.01,0.0011624409317970235,0.00010013129024711945,-0.0011624409317970235,0.00010013129024711945,10
500,384,0.015,0.0017071045398712125,0.00014531559908888744,-0.0017071045398712125,0.00014531559908888744,10
500,384,0.02,0.0022280881643295253,0.00018740658130062037,-0.0022280881643295253,0.00018740658130062037,10
500,384,0.03,0.003199343478679656,0.00026249053933217445,-0.003199343478679656,0.00026249053933217445,10
500,384,0.04,0.004077459228038783,0.00032594890495861055,-0.004077459228038783,0.00032594890495861055,10
500,384,0.05,0.004863241732120507,0.00037870104951270443,-0.004863241732120507,0.00037870104951270443,10
500,384,0.06,0.005557612276077264,0.0004221358820402695,-0.005557612276077264,0.0004221358820402695,10
500,384,0.07,0.0061617278814315776,0.00045754957086660347,-0.0061617278814315776,0.00045754957086660347,10
500,384,0.08,0.006675866317749019,0.00048656276076293367,-0.006675866317749019,0.00048656276076293367,10
500,384,0.09,0.007101310813426967,0.000511473767685921,-0.007101310813426967,0.000511473767685921,10
500,384,0.1,0.0074398213028907785,0.0005351538571345168,-0.0074398213028907785,0.0005351538571345168,10
500,384,0.12,0.007857547509670253,0.0005911755224924044,-0.007857547509670253,0.0005911755224924044,10
500,384,0.15,0.007839570784568786,0.0007491232863950099,-0.007839570784568786,0.0007491232863950099,10
500,384,0.18,0.0070610451102256725,0.001049437539637901,-0.0070610451102256725,0.001049437539637901,10
500,384,0.2,0.006124663639068601,0.0013348895143883684,-0.006124663639068601,0.0013348895143883684,10
500,384,0.22,0.004853248715400693,0.0016867664702139521,-0.004853248715400693,0.0016867664702139521,10
500,384,0.25,0.0023230852365493716,0.002331363117378616,-0.0023230852365493716,0.002331363117378616,10
500,384,0.28,-0.0009692158818244923,0.003115395875851696,0.0009692158818244923,0.003115395875851696,10
500,384,0.3,-0.003594917070865636,0.0037168640913741854,0.003594917070865636,0.0037168640913741854,10
500,384,0.35,-0.011704115772247326,0.005501554078488235,0.011704115772247326,0.005501554078488235,10
500,384,0.4,-0.02212182137966156,0.007713583047300928,0.02212182137966156,0.007713583047300928,10
500,384,0.5,-0.05050324593782425,0.01358428428131952,0.05050324593782425,0.01358428428131952,10
500,384,0.7,-0.14190790255069735,0.03210866546799332,0.14190790255069735,0.03210866546799332,10
500,384,1.0,-0.3744147368669509,0.07778504528274939,0.3744147368669509,0.07778504528274939,10
500,512,0.0001,1.1250793933864634e-05,9.611297813478243e-07,-1.1250793933864634e-05,9.611297813478243e-07,10
500,512,0.0003,3.373221158981255e-05,2.8826812076279835e-06,-3.373221158981255e-05,2.8826812076279835e-06,10
500,512,0.001,0.00011212686300277608,9.57266531206751e-06,-0.00011212686300277608,9.57266531206751e-06,10
500,512,0.002,0.00022342205047607143,1.9046393007216553e-05,-0.00022342205047607143,1.9046393007216553e-05,10
500,512,0.003,0.00033393282890319673,2.8428200080642426e-05,-0.00033393282890319673,2.8428200080642426e-05,10
500,512,0.005,0.000552554106712333,4.6900891744348545e-05,-0.000552554106712333,4.6900891744348545e-05,10
500,512,0.007,0.0007679257869720485,6.496500539267459e-05,-0.0007679257869720485,6.496500539267459e-05,10
500,512,0.01,0.0010847768187522866,9.133604241379488e-05,-0.0010847768187522866,9.133604241379488e-05,10
500,512,0.015,0.0015965683817863424,0.00013341557600489331,-0.0015965683817863424,0.00013341557600489331,10
500,512,0.02,0.0020885461807250956,0.0001732654456174544,-0.0020885461807250956,0.0001732654456174544,10
500,512,0.03,0.003013099074363709,0.00024618706775276236,-0.003013099074363709,0.00024618706775276236,10
500,512,0.04,0.003859152305126187,0.00031055898513353795,-0.003859152305126187,0.00031055898513353795,10
500,512,0.05,0.004627491617202759,0.0003668651643496755,-0.004627491617202759,0.0003668651643496755,10
500,512,0.06,0.005318589043617245,0.0004154834546318857,-0.005318589043617245,0.0004154834546318857,10
500,512,0.07,0.00593383820056915,0.0004573206682590781,-0.00593383820056915,0.0004573206682590781,10
500,512,0.08,0.006473512232303616,0.0004932272211173269,-0.006473512232303616,0.0004932272211173269,10
500,512,0.09,0.006938034141063689,0.0005241568230676295,-0.006938034141063689,0.0005241568230676295,10
500,512,0.1,0.0073279536724090545,0.0005511030400046113,-0.0073279536724090545,0.0005511030400046113,10
500,512,0.12,0.007888163089752195,0.0005977150368054094,-0.007888163089752195,0.0005977150368054094,10
500,512,0.15,0.008187013053894044,0.0006711778818609879,-0.008187013053894044,0.0006711778818609879,10
500,512,0.18,0.007843736004829401,0.0007908429141693065,-0.007843736004829401,0.0007908429141693065,10
500,512,0.2,0.007262061738967892,0.0009164235210234367,-0.007262061738967892,0.0009164235210234367,10
500,512,0.22,0.006398182237148284,0.00108572812653667,-0.006398182237148284,0.00108572812653667,10
500,512,0.25,0.004568700802326198,0.001423930695731485,-0.004568700802326198,0.001423930695731485,10
500,512,0.28,0.002102757751941678,0.0018598806579310009,-0.002102757751941678,0.0018598806579310009,10
500,512,0.3,0.000101310801506041,0.0022037136275536127,-0.000101310801506041,0.0022037136275536127,10
500,512,0.35,-0.006174640464782713,0.003245590875844729,0.006174640464782713,0.003245590875844729,10
500,512,0.4,-0.014325460398197171,0.004554109048637378,0.014325460398197171,0.004554109048637378,10
500,512,0.5,-0.03669727933406831,0.008051847293618039,0.03669727933406831,0.008051847293618039,10
500,512,0.7,-0.10954352791309359,0.019419362707005366,0.10954352791309359,0.019419362707005366,10
500,512,1.0,-0.3029704066514969,0.04999310069612523,0.3029704066514969,0.04999310069612523,10
500,768,0.0001,1.1375248432154984e-05,5.986580007387746e-07,-1.1375248432154984e-05,5.986580007387746e-07,10
500,768,0.0003,3.409096002578993e-05,1.7893125350931143e-06,-3.409096002578993e-05,1.7893125350931143e-06,10
500,768,0.001,0.00011336294412612468,5.93559940612891e-06,-0.00011336294412612468,5.93559940612891e-06,10
500,768,0.002,0.00022596949338912208,1.1791214914746558e-05,-0.00022596949338912208,1.1791214914746558e-05,10
500,768,0.003,0.00033785028457641587,1.7566811066667872e-05,-0.00033785028457641587,1.7566811066667872e-05,10
500,768,0.005,0.0005594738245010333,2.887896753228697e-05,-0.0005594738245010333,2.887896753228697e-05,10
500,768,0.007,0.0007781739592552184,3.986537079277699e-05,-0.0007781739592552184,3.986537079277699e-05,10
500,768,0.01,0.001100619864463806,5.572658736170486e-05,-0.001100619864463806,5.572658736170486e-05,10
500,768,0.015,0.0016233591079711867,8.063795811987182e-05,-0.0016233591079711867,8.063795811987182e-05,10
500,768,0.02,0.0021279576301574702,0.0001036989541826716,-0.0021279576301574702,0.0001036989541826716,10
500,768,0.03,0.00308378264904022,0.00014429326524903222,-0.00308378264904022,0.00014429326524903222,10
500,768,0.04,0.003969117438793182,0.00017811203698213867,-0.003969117438793182,0.00017811203698213867,10
500,768,0.05,0.004784237778186795,0.0002057451601072617,-0.004784237778186795,0.0002057451601072617,10
500,768,0.06,0.0055300731182098386,0.0002280890139460311,-0.0055300731182098386,0.0002280890139460311,10
500,768,0.07,0.006207370018959041,0.00024646061291686835,-0.006207370018959041,0.00024646061291686835,10
500,768,0.08,0.006816286861896512,0.00026189425028196197,-0.006816286861896512,0.00026189425028196197,10
500,768,0.09,0.007357391011714928,0.00027609602440397036,-0.007357391011714928,0.00027609602440397036,10
500,768,0.1,0.007831578636169425,0.00029090601638961255,-0.007831578636169425,0.00029090601638961255,10
500,768,0.12,0.008581383383274074,0.00033114774574141996,-0.008581383383274074,0.00033114774574141996,10
500,768,0.15,0.009216652524471281,0.00044495773756197905,-0.009216652524471281,0.00044495773756197905,10
500,768,0.18,0.009277739048004146,0.0006421100411347163,-0.009277739048004146,0.0006421100411347163,10
500,768,0.2,0.009003767657279971,0.0008198164374248766,-0.009003767657279971,0.0008198164374248766,10
500,768,0.22,0.008479491519927978,0.0010314479624116202,-0.008479491519927978,0.0010314479624116202,10
500,768,0.25,0.007224810767173767,0.0014097206322233593,-0.007224810767173767,0.0014097206322233593,10
500,768,0.28,0.00540871121883392,0.0018591861982170813,-0.00540871121883392,0.0018591861982170813,10
500,768,0.3,0.0038840014576911885,0.002198514359835326,-0.0038840014576911885,0.002198514359835326,10
500,768,0.35,-0.0010378272533416778,0.003184688546005316,0.0010378272533416778,0.003184688546005316,10
500,768,0.4,-0.007571514046192168,0.004372029806948818,0.007571514046192168,0.004372029806948818,10
500,768,0.5,-0.02578718554973603,0.007430657783134918,0.02578718554973603,0.007430657783134918,10
500,768,0.7,-0.08589499423503877,0.01672691627044517,0.08589499423503877,0.01672691627044517,10
500,768,1.0,-0.24768811559677123,0.03779069245770304,0.24768811559677123,0.03779069245770304,10
500,1024,0.0001,1.2457180023192626e-05,4.866220846395981e-07,-1.2457180023192626e-05,4.866220846395981e-07,10
500,1024,0.0003,3.735438585280859e-05,1.4542933268896835e-06,-3.735438585280859e-05,1.4542933268896835e-06,10
500,1024,0.001,0.00012418892383575243,4.824883330443996e-06,-0.00012418892383575243,4.824883330443996e-06,10
500,1024,0.002,0.0002474795103073052,9.594994413104203e-06,-0.0002474795103073052,9.594994413104203e-06,10
500,1024,0.003,0.00036992180347442393,1.4310591025231499e-05,-0.00036992180347442393,1.4310591025231499e-05,10
500,1024,0.005,0.0006122505545616108,2.3561843504177815e-05,-0.0006122505545616108,2.3561843504177815e-05,10
500,1024,0.007,0.0008510732054710368,3.2573877431181926e-05,-0.0008510732054710368,3.2573877431181926e-05,10
500,1024,0.01,0.0012027173161506589,4.5669933472175696e-05,-0.0012027173161506589,4.5669933472175696e-05,10
500,1024,0.015,0.001771403777599334,6.63992721231117e-05,-0.001771403777599334,6.63992721231117e-05,10
500,1024,0.02,0.0023186888217926,8.587398860038532e-05,-0.0023186888217926,8.587398860038532e-05,10
500,1024,0.03,0.003350137817859644,0.0001212678952642624,-0.003350137817859644,0.0001212678952642624,10
500,1024,0.04,0.00429817413091659,0.00015260179678895715,-0.00429817413091659,0.00015260179678895715,10
500,1024,0.05,0.005163305556774136,0.00018074012224788183,-0.005163305556774136,0.00018074012224788183,10
500,1024,0.06,0.005946307122707365,0.0002067803418411562,-0.005946307122707365,0.0002067803418411562,10
500,1024,0.07,0.00664807636737823,0.00023174432319305642,-0.00664807636737823,0.00023174432319305642,10
500,1024,0.08,0.0072692079067230185,0.00025686011985198893,-0.0072692079067230185,0.00025686011985198893,10
500,1024,0.09,0.007810421442985535,0.0002832559516678122,-0.007810421442985535,0.0002832559516678122,10
500,1024,0.1,0.008272524619102477,0.00031232084845595116,-0.008272524619102477,0.00031232084845595116,10
500,1024,0.12,0.008962187719345094,0.00038286860549261034,-0.008962187719345094,0.00038286860549261034,10
500,1024,0.15,0.00942163091897964,0.0005313891342909622,-0.00942163091897964,0.0005313891342909622,10
500,1024,0.18,0.00920014796257019,0.0007414173715744146,-0.00920014796257019,0.0007414173715744146,10
500,1024,0.2,0.008679813063144684,0.0009158892503153244,-0.008679813063144684,0.0009158892503153244,10
500,1024,0.22,0.007864257502555847,0.001117896294213928,-0.007864257502555847,0.001117896294213928,10
500,1024,0.25,0.006086743879318235,0.00147236803289657,-0.006086743879318235,0.00147236803289657,10
500,1024,0.28,0.0036470764040946956,0.0018882772280500986,-0.0036470764040946956,0.0018882772280500986,10
500,1024,0.3,0.0016517553210258467,0.0021995696989596304,-0.0016517553210258467,0.0021995696989596304,10
500,1024,0.35,-0.004647121357917788,0.0031036577923520448,0.004647121357917788,0.0031036577923520448,10
500,1024,0.4,-0.012857599925994875,0.0041953917132397725,0.012857599925994875,0.0041953917132397725,10
500,1024,0.5,-0.03541280385255814,0.007009383760999654,0.03541280385255814,0.007009383760999654,10
500,1024,0.7,-0.10882272486686709,0.01569147262574409,0.10882272486686709,0.01569147262574409,10
500,1024,1.0,-0.3028388490915298,0.036616694263621366,0.3028388490915298,0.036616694263621366,10
500,1536,0.0001,1.229315996170155e-05,6.023823142160962e-07,-1.229315996170155e-05,6.023823142160962e-07,10
500,1536,0.0003,3.685597181319611e-05,1.8079773785132871e-06,-3.685597181319611e-05,1.8079773785132871e-06,10
500,1536,0.001,0.00012254209518432478,6.000005913381182e-06,-0.00012254209518432478,6.000005913381182e-06,10
500,1536,0.002,0.0002442206740379288,1.1925636590172913e-05,-0.0002442206740379288,1.1925636590172913e-05,10
500,1536,0.003,0.00036508955955504854,1.7788368419882794e-05,-0.00036508955955504854,1.7788368419882794e-05,10
500,1536,0.005,0.0006043798208236667,2.9293433880239343e-05,-0.0006043798208236667,2.9293433880239343e-05,10
500,1536,0.007,0.0008403319120407094,4.051125889592621e-05,-0.0008403319120407094,4.051125889592621e-05,10
500,1536,0.01,0.0011878326892852786,5.681373574006741e-05,-0.0011878326892852786,5.681373574006741e-05,10
500,1536,0.015,0.0017503029584884616,8.257165949077791e-05,-0.0017503029584884616,8.257165949077791e-05,10
500,1536,0.02,0.0022922722578048726,0.00010666205040985017,-0.0022922722578048726,0.00010666205040985017,10
500,1536,0.03,0.003315131294727322,0.00014979122352022688,-0.003315131294727322,0.00014979122352022688,10
500,1536,0.04,0.004257430398464196,0.00018664731372963859,-0.004257430398464196,0.00018664731372963859,10
500,1536,0.05,0.005119966447353366,0.00021711784593366927,-0.005119966447353366,0.00021711784593366927,10
500,1536,0.06,0.00590353851318359,0.0002415346367093767,-0.00590353851318359,0.0002415346367093767,10
500,1536,0.07,0.006609622716903687,0.0002603189602269309,-0.006609622716903687,0.0002603189602269309,10
500,1536,0.08,0.007238811743259429,0.0002738987081616359,-0.007238811743259429,0.0002738987081616359,10
500,1536,0.09,0.0077913850069046,0.0002821271805894294,-0.0077913850069046,0.0002821271805894294,10
500,1536,0.1,0.008267801666259764,0.00028568681784607494,-0.008267801666259764,0.00028568681784607494,10
500,1536,0.12,0.008995061612129207,0.0002810653928511584,-0.008995061612129207,0.0002810653928511584,10
500,1536,0.15,0.00953531123399734,0.0002590366480523709,-0.00953531123399734,0.0002590366480523709,10
500,1536,0.18,0.00942434555292129,0.0002617845689056317,-0.00942434555292129,0.0002617845689056317,10
500,1536,0.2,0.008993791270256037,0.00031056039409510386,-0.008993791270256037,0.00031056039409510386,10
500,1536,0.22,0.008280442404747007,0.0004048158361151679,-0.008280442404747007,0.0004048158361151679,10
500,1536,0.25,0.006681759512424462,0.0006137074664674398,-0.006681759512424462,0.0006137074664674398,10
500,1536,0.28,0.004447607696056363,0.0008897044930436731,-0.004447607696056363,0.0008897044930436731,10
500,1536,0.3,0.002606918549537657,0.0011070027669614312,-0.002606918549537657,0.0011070027669614312,10
500,1536,0.35,-0.0032516626119613646,0.0017625005022021364,0.0032516626119613646,0.0017625005022021364,10
500,1536,0.4,-0.010940752327442172,0.002580722177189739,0.010940752327442172,0.002580722177189739,10
500,1536,0.5,-0.032183800661563886,0.004789123072110803,0.032183800661563886,0.004789123072110803,10
500,1536,0.7,-0.10181579310894014,0.012123133857098513,0.10181579310894014,0.012123133857098513,10
500,1536,1.0,-0.28970778093338007,0.031871051304084824,0.28970778093338007,0.031871051304084824,10
500,2048,0.0001,1.1393237113946353e-05,4.121283913061253e-07,-1.1393237113946353e-05,4.121283913061253e-07,10
500,2048,0.0003,3.414062261581086e-05,1.235648583826119e-06,-3.414062261581086e-05,1.235648583826119e-06,10
500,2048,0.001,0.00011353574991226079,4.09788572282607e-06,-0.00011353574991226079,4.09788572282607e-06,10
500,2048,0.002,0.00022636168003081493,8.14608202895688e-06,-0.00022636168003081493,8.14608202895688e-06,10
500,2048,0.003,0.0003384782433509814,1.2145083995573524e-05,-0.0003384782433509814,1.2145083995573524e-05,10
500,2048,0.005,0.0005607081532478297,2.0011721837800608e-05,-0.0005607081532478297,2.0011721837800608e-05,10
500,2048,0.007,0.0007801638126373245,2.7672047129376308e-05,-0.0007801638126373245,2.7672047129376308e-05,10
500,2048,0.01,0.0011040374159812904,3.878260290653509e-05,-0.0011040374159812904,3.878260290653509e-05,10
500,2048,0.015,0.0016298406243324265,5.6340649281124314e-05,-0.0016298406243324265,5.6340649281124314e-05,10
500,2048,0.02,0.002138385760784145,7.276777290934646e-05,-0.002138385760784145,7.276777290934646e-05,10
500,2048,0.03,0.0031044415235519374,0.00010201258776403242,-0.0031044415235519374,0.00010201258776403242,10
500,2048,0.04,0.004002874314785002,0.00012706530794902974,-0.004002874314785002,0.00012706530794902974,10
500,2048,0.05,0.004835160732269283,0.00014805675574012245,-0.004835160732269283,0.00014805675574012245,10
500,2048,0.06,0.005601247191429135,0.00016506972038851108,-0.005601247191429135,0.00016506972038851108,10
500,2048,0.07,0.00630150871276855,0.00017845309815835844,-0.00630150871276855,0.00017845309815835844,10
500,2048,0.08,0.006937338113784786,0.00018872779500008085,-0.006937338113784786,0.00018872779500008085,10
500,2048,0.09,0.007509483337402345,0.0001963346329582625,-0.007509483337402345,0.0001963346329582625,10
500,2048,0.1,0.008018419599533078,0.00020192474585169638,-0.008018419599533078,0.00020192474585169638,10
500,2048,0.12,0.008847227835655207,0.00021140094405538358,-0.008847227835655207,0.00021140094405538358,10
500,2048,0.15,0.009627699804306033,0.0002384728100089245,-0.009627699804306033,0.0002384728100089245,10
500,2048,0.18,0.009864309906959533,0.00030837804171421763,-0.009864309906959533,0.00030837804171421763,10
500,2048,0.2,0.00972406913042068,0.0003868045356586441,-0.00972406913042068,0.0003868045356586441,10
500,2048,0.22,0.009345558738708496,0.00048992916468738,-0.009345558738708496,0.00048992916468738,10
500,2048,0.25,0.00833670814037323,0.0006858111220328749,-0.00833670814037323,0.0006858111220328749,10
500,2048,0.28,0.006805943560600278,0.0009269421982324061,-0.006805943560600278,0.0009269421982324061,10
500,2048,0.3,0.0054970927596092204,0.0011110941043994736,-0.0054970927596092204,0.0011110941043994736,10
500,2048,0.35,0.001204991030693056,0.001653498191526161,-0.001204991030693056,0.001653498191526161,10
500,2048,0.4,-0.004562885785102844,0.002316217089033674,0.004562885785102844,0.002316217089033674,10
500,2048,0.5,-0.020665070343017584,0.004019794300682342,0.020665070343017584,0.004019794300682342,10
500,2048,0.7,-0.07327757502794266,0.009219610699884175,0.07327757502794266,0.009219610699884175,10
500,2048,1.0,-0.21477382051944732,0.022319865086053336,0.21477382051944732,0.022319865086053336,10
